Date,Close,High,Low,Open,Volume,Returns,Vol_20,SMA_10,SMA_50,Target,Signal,Strategy_Return,Cum_Market,Cum_Strategy
2023-07-13,434.22125244140625,435.0132815571351,432.18325865422753,432.617887210663,72425200,0.0079368705646383,0.0063772101589502,427.3268035888672,411.2791845703125,0,0,0.0,1.0079368705646383,1.0
2023-07-14,433.9508361816406,435.9598548665001,433.18778225181745,435.1099046958951,69815800,-0.0006227614568499,0.0063971214186203,428.40569458007815,412.0511260986328,1,0,-0.0,1.0073091663307128,1.0
2023-07-17,435.4576110839844,436.5104174127122,433.7576517763609,433.8059634927084,52680200,0.0034722249082452,0.0058935944891059,429.1359039306641,412.9074768066406,1,0,0.0,1.01080677030835,1.0
2023-07-18,438.69329833984375,439.3404218148386,434.6945386323739,435.12919667930265,80668200,0.0074305447269706,0.0059529506386754,430.1404235839844,413.8841632080078,1,0,0.0,1.0183176152254512,1.0
2023-07-19,439.6688232421875,440.85683741354967,438.61598753921226,439.4853035858035,65891700,0.0022237059604863,0.0057303074996296,431.3062377929688,414.7360137939453,0,0,0.0,1.0205820541760964,1.0
2023-07-20,436.7518615722656,439.5722457578469,436.0371193951603,438.6739839174844,70591600,-0.006634451923181,0.0058386069781142,432.51551818847656,415.5274072265625,0,0,-0.0,1.0138110516040038,1.0
2023-07-21,436.7518615722656,438.6739839174844,436.74222281063936,438.47112777830426,71275600,0.0,0.0058407722566798,433.83201293945314,416.35363708496095,1,0,0.0,1.0138110516040038,1.0
2023-07-24,438.7029418945313,439.5142779903244,436.867745334165,437.9012445599851,54023400,0.0044672513020136,0.005433321769559,435.2364013671875,417.1819354248047,1,0,0.0,1.0183400003442775,1.0
2023-07-25,439.9006042480469,441.156237070321,438.3841648336445,438.4324765430136,55191200,0.0027300075726492,0.0052156589787629,436.4901123046875,418.04804443359376,1,0,0.0,1.0211200762567492,1.0
2023-07-26,439.96826171875,441.3977460774992,437.9109314172146,438.9637376866275,71052900,0.0001538017225932,0.0048651434981388,437.4067352294922,418.9259002685547,0,0,0.0,1.0212771262834521,1.0
2023-07-27,437.05126953125,443.7641509737044,436.1433394792144,443.35846818342566,92194400,-0.0066300059374844,0.0052416700588893,437.6897369384766,419.7180859375,1,0,-0.0,1.0145060528723757,1.0
2023-07-28,441.3301086425781,442.1607516818026,437.0512358426156,440.3255847201604,80011800,0.0097902452403748,0.0055215785051489,438.4276641845703,420.6489685058594,1,0,0.0,1.024438315927841,1.0
2023-07-31,442.17047119140625,442.5278422835043,440.48981896786944,441.80343186125066,62040400,0.001904158661218,0.0050297797240651,439.0989501953125,421.50081115722656,0,0,0.0,1.0263890090199985,1.0
2023-08-01,440.9051513671875,441.6488687577706,439.94890960634154,440.7022952345732,55291500,-0.0028616108642655,0.0051286844784342,439.32013549804685,422.2503631591797,0,0,-0.0,1.0234518830808241,1.0
2023-08-02,434.7717895507813,438.0461090832154,434.0184039478584,437.78533196247287,93933400,-0.0139108418157227,0.0061503498227534,438.83043212890624,422.88898864746096,0,0,-0.0,1.0092148058292834,1.0
2023-08-03,433.5258483886719,435.4093273640729,432.1060027164115,432.75315569310766,64276100,-0.0028657359839209,0.0058777271393568,438.50783081054686,423.499423828125,0,0,-0.0,1.0063226626447126,1.0
2023-08-04,431.5650329589844,437.4472412458238,431.0434492729417,435.3416289808465,100128900,-0.0045229492935091,0.0059581267564609,437.9891479492187,424.1610986328125,1,0,-0.0,1.0017711162686616,1.0
2023-08-07,435.3320007324219,435.4865451527169,432.7048045400754,433.40023969323573,58357500,0.0087286213797481,0.0062008874591547,437.6520538330078,424.9558514404297,0,0,0.0,1.0105151970517383,1.0
2023-08-08,433.4389343261719,435.322413352219,430.0776591097765,432.791781332074,71361300,-0.0043485578893006,0.0061992755793127,437.0058868408203,425.64422729492185,0,0,-0.0,1.006120913219341,1.0
2023-08-09,430.5411682128906,433.8734672279528,429.7781144791187,433.70925459802874,78789600,-0.0066855233431812,0.0061585985950943,436.0631774902343,426.1712951660156,1,0,-0.0,0.9993944683679503,1.0
2023-08-10,430.69580078125,436.28825743462227,429.527093565885,432.8980072622996,93005500,0.0003591586119422,0.0058701597406616,435.4276306152344,426.6983770751953,0,0,0.0,0.9997534094979921,1.0
2023-08-11,430.4446411132813,431.4588333292262,428.22312774254544,428.82196893936987,68690900,-0.0005831486341709,0.0058700841573416,434.3390838623047,427.2652795410156,1,0,-0.0,0.9991704046627357,1.0
2023-08-14,432.8207092285156,432.8207092285156,429.2179937241371,429.5270825673996,47867400,0.0055200318189327,0.0059581807176781,433.4041076660157,427.8032952880859,0,0,0.0,1.0046858570890098,1.0
2023-08-15,427.7788391113281,431.40089107368914,427.2089436634091,431.0434905199487,75707500,-0.0116488652453216,0.006180775341618,432.0914764404297,428.1230725097656,0,0,-0.0,0.9929824069258995,1.0
2023-08-16,424.6397399902344,429.0248164729432,424.53347780183,427.36350074460506,80107200,-0.0073381355833658,0.0062678888680686,431.078271484375,428.3958502197266,0,0,-0.0,0.9856957673919803,1.0
2023-08-17,421.4040222167969,426.3686327842003,420.8824384802807,426.1078556541094,95711300,-0.007619912760666,0.006312281568904,429.8660888671875,428.58601440429686,1,0,-0.0,0.9781848516358956,1.0
2023-08-18,421.60687255859375,422.6403718520157,418.23595877170976,418.5836616313642,98852000,0.00048136783491,0.0063202907003827,428.8702728271484,428.80872131347655,1,0,0.0,0.9786557183600694,1.0
2023-08-21,424.3499755859375,425.0936930300052,420.4671462190992,422.6210410735604,68719000,0.0065063052950176,0.0064410507275711,427.7720703125,429.0366339111328,0,0,0.0,0.9850231512424348,1.0
2023-08-22,423.2005310058594,426.1271477129419,422.6403332909712,426.1271477129419,64994200,-0.0027087183839022,0.006361062231684,426.7482299804687,429.22673828125,1,0,-0.0,0.9823550009240951,1.0
2023-08-23,427.9140930175781,428.5322707675245,424.1181892276399,424.2630654264281,68441000,0.0111378924797556,0.0069918865334212,426.4855224609375,429.4360528564453,0,1,0.0111378924797556,0.9932963653013379,1.0111378924797556
2023-08-24,421.9835510253906,430.0293227205553,421.9545463127507,429.5174072282619,88517300,-0.0138591883019471,0.0074502461915842,425.6142974853516,429.4717138671875,1,0,-0.0,0.9795300839349871,1.0111378924797556
2023-08-25,424.9584655761719,426.24307373449807,420.1580380770201,423.71247141677657,102325100,0.007049835339677,0.0072497971131755,425.0656799316406,429.556865234375,1,0,0.0,0.9864356097369888,1.0111378924797556
2023-08-28,427.6533203125,428.271468592545,424.9585050816311,427.15104351635455,61595400,0.0063414544117255,0.0074366492689229,424.54894104003904,429.59159912109374,1,0,0.0,0.9926910461862386,1.0111378924797556
2023-08-29,433.8348693847656,434.1149829705276,427.3634585355922,427.5469781804364,83081900,0.0144545798633073,0.0082505863486039,425.1545440673828,429.77898010253904,1,0,0.0,1.0070399781929278,1.0111378924797556
2023-08-30,435.621826171875,436.2593109157671,433.4679017861337,434.1730052474849,69053900,0.0041189791628402,0.0077069364777252,426.25275268554685,430.04614318847655,0,0,0.0,1.0111879548792515,1.0111378924797556
2023-08-31,434.98431396484375,437.3796788770793,434.8007943012341,436.2399468961714,66084600,-0.0014634533182911,0.0076846341461582,427.6107818603515,430.34382690429686,1,0,-0.0,1.0097081285112675,1.0111378924797556
2023-09-01,435.7956237792969,438.1910180232257,434.3371347964679,437.7080777747482,58944100,0.0018651472901587,0.0076105735426554,429.0296569824219,430.6274078369141,0,0,0.0,1.0115913828910115,1.0111378924797556
2023-09-05,433.91217041015625,435.6700800917991,433.84458117342785,435.35135247874024,55166200,-0.0043218730670284,0.0074265598351709,429.9858764648437,430.9370697021485,0,0,-0.0,1.0072194133384569,1.0111378924797556
2023-09-06,430.99517822265625,433.2070527201014,428.667402786713,433.1007905422567,70758500,-0.0067225406117157,0.0075158490128139,430.7653411865234,431.2225830078125,0,0,-0.0,1.0004483399273807,1.0111378924797556
2023-09-07,429.6719970703125,430.34809581436866,427.6436418854697,427.991344757898,70355400,-0.0030700602215558,0.0073955786949835,430.9411315917969,431.3902606201172,1,0,-0.0,0.9973769032752482,1.0111378924797556
2023-09-08,430.3191223144531,431.8548689598933,429.36290993507305,429.7202810475146,61659700,0.0015060912709066,0.0074035653389429,431.7746887207031,431.5666314697266,1,0,0.0,0.9988790439230749,1.0111378924797556
2023-09-11,433.1491394042969,433.4581987746905,431.23668532604137,432.94628326819304,60180100,0.0065765543362856,0.0075465026996561,432.5937561035156,431.76637573242186,0,0,0.0,1.0054482262308122,1.0111378924797556
2023-09-12,430.7730712890625,433.2264162204621,430.1935665209915,431.7003378706483,67565400,-0.0054855658226682,0.0075501785594214,432.9057312011719,431.8187268066406,1,0,-0.0,0.999932773804538,1.0111378924797556
2023-09-13,431.2753601074219,432.4343991522864,429.89412843469466,430.9952464774697,60199300,0.0011660172184309,0.0070559179709368,432.6497802734375,431.87127197265625,1,0,0.0,1.0010987126360675,1.0111378924797556
2023-09-14,434.9939270019531,435.6893621396805,432.4440178145085,433.747962382289,83430800,0.0086222567725757,0.0070335378552095,432.5869903564453,432.01093688964846,0,0,0.0,1.0097304427911107,1.0111378924797556
2023-09-15,429.7529602050781,433.73674689724294,429.3167986127055,433.40719272290426,111848900,-0.0120483677392845,0.0073875605878199,432.0638549804688,432.1128149414062,1,0,-0.0,0.9975648390988128,1.0111378924797556
2023-09-18,430.0049743652344,431.30381593271665,428.9678297470681,429.4427711077799,55752200,0.0005864163449531,0.0073872042873805,431.4847900390625,432.2411761474609,0,0,0.0,0.9981498274256109,1.0111378924797556
2023-09-19,429.1132507324219,429.675454034148,426.42833506959016,429.0841732913192,66514600,-0.0020737519004956,0.0072999951465961,431.00489807128906,432.33026000976565,0,0,-0.0,0.9960799123240076,1.0111378924797556
2023-09-20,425.1683349609375,430.7901913132512,424.9647632633325,430.3734047367829,82562600,-0.0091931809720419,0.0075920738985375,430.4222137451172,432.28635681152343,0,0,-0.0,0.9869227694273973,1.0111378924797556
2023-09-21,418.1410217285156,422.58034623719885,417.98593215183814,422.3186492154812,104095800,-0.0165283080948808,0.0080143445463842,429.2691162109375,432.0331365966797,0,0,-0.0,0.9706106058284483,1.0111378924797556
2023-09-22,417.20074462890625,420.7677155797648,416.7839285170148,419.16839709834846,100829700,-0.0022487080930793,0.0074434825839115,427.9572784423828,431.6927264404297,1,0,-0.0,0.9684279859038932,1.0111378924797556
2023-09-25,418.9551696777344,418.9939198820318,415.5529609010411,415.9891521320099,70874500,0.0042052299076997,0.007316854244653,426.5378814697266,431.39281311035154,0,0,0.0,0.9725004482336698,1.0111378924797556
2023-09-26,412.8001708984375,416.6191660672769,411.9665682552368,415.91157553365485,96168400,-0.0146913064326938,0.0077522490924946,424.740591430664,430.9396643066406,1,0,-0.0,0.9582131461427369,1.0111378924797556
2023-09-27,412.9649353027344,414.5352059296986,409.3204343488608,413.97300260416256,104705800,0.0003991384110579,0.0067837258696641,422.9095489501953,430.4250970458984,1,0,0.0,0.9585956058153432,1.0111378924797556
2023-09-28,415.359130859375,417.036009133624,411.82123687227,412.412517717301,92258300,0.0057975759004467,0.0068788638035209,420.9460693359375,429.9389031982422,0,0,0.0,0.9641531365978924,1.0111378924797556
2023-09-29,414.3510437011719,418.5868254716406,412.8292551807975,418.4123608156291,115111300,-0.0024270253939462,0.0068756561398031,419.4058776855469,429.49088684082034,0,0,-0.0,0.9618131124517164,1.0111378924797556
2023-10-02,414.1862487792969,415.436637965525,411.4237734247356,413.51743802249865,83798600,-0.0003977181290603,0.0068200957058883,417.8240051269531,429.0395745849609,0,0,-0.0,0.9614305819401264,1.0111378924797556
2023-10-03,408.6419372558594,414.2444181473067,407.27523825202337,412.00536625897985,103760600,-0.0133860347603955,0.0072348663449117,415.77687377929686,428.4383544921875,1,0,-0.0,0.9485608387505686,1.0111378924797556
2023-10-04,411.61761474609375,412.3639554385422,407.6435302591631,409.1071637838885,87453000,0.0072818700650669,0.0075245361510768,414.4218017578125,427.87269470214846,0,1,0.0072818700650669,0.9554681355271613,1.0185008672306588
2023-10-05,411.4625244140625,412.3057997665852,408.2348102060782,411.3268099718928,70142700,-0.0003767825439805,0.0075335674122585,413.7539520263672,427.3025799560547,1,0,-0.0,0.955108131812365,1.0185008672306588
2023-10-06,416.3478088378906,417.8889725902115,407.6823752264937,409.01029452111743,113273300,0.011872975384052,0.0081303411837966,413.6686584472656,426.8885107421875,1,1,0.011872975384052,0.9664481071504811,1.0305935029559241
2023-10-09,419.0133056640625,419.5851817448939,413.8954687983384,414.44794019758774,80374400,0.006402091639708,0.0081211754777991,413.6744720458984,426.4421746826172,1,1,0.006402091639708,0.9726353964974809,1.0371914570051357
2023-10-10,421.1942138671875,423.79189736248946,419.245936455557,419.64334789466267,78607300,0.0052048662265478,0.0082051650855862,414.5138763427734,426.0226495361328,1,0,0.0,0.9776978336234555,1.0371914570051357
2023-10-11,422.9195861816406,423.17158085104415,419.8760088222951,422.26047769195304,62451700,0.0040963818059409,0.0082734805699849,415.5093414306641,425.6629382324219,0,0,0.0,0.9817028572408185,1.0371914570051357
2023-10-12,420.34124755859375,423.90821868639375,417.9858858829249,423.5302119190894,81154200,-0.0060965221457951,0.0080286634015528,416.00755310058594,425.37432739257815,0,0,-0.0,0.9757178840310595,1.0371914570051357
2023-10-13,418.24755859375,423.0455435777595,416.67731756779995,421.8436069564154,95143100,-0.004980926751786,0.0076970256425659,416.39720458984374,425.0687615966797,1,0,-0.0,0.9708579047202932,1.0371914570051357
2023-10-16,422.6481628417969,423.7143850912576,420.25402134631616,420.4963432402705,75433200,0.0105215300307854,0.008135188928675,417.24339599609374,424.89042419433594,0,1,0.0105215300307854,0.9810728153204332,1.0481042980676893
2023-10-17,422.6287536621094,424.6836681484373,419.1684195342952,419.5173488593283,75324700,-4.5922782573981635e-05,0.0081315199132551,418.64207763671874,424.6363592529297,0,0,-0.0,0.981027761726846,1.0481042980676893
2023-10-18,416.9971618652344,421.8145218630585,415.911564611692,420.8549367157856,93559800,-0.013325150615231,0.0084057412870748,419.1800323486328,424.3075238037109,0,0,-0.0,0.9679554190441129,1.0481042980676893
2023-10-19,413.3332214355469,419.5269821583465,412.6547379995389,417.71441944200046,121323000,-0.0087864876904644,0.0078068413567006,419.3671020507812,423.963364868164,0,0,-0.0,0.9594504906697634,1.0481042980676893
2023-10-20,408.2541809082031,413.4398746497076,408.14754390760345,412.8970760474875,123919900,-0.0122880046024458,0.0082330003021637,418.5577392578125,423.5145324707031,0,0,-0.0,0.9476607586245944,1.0481042980676893
2023-10-23,407.5466003417969,411.4140774521023,404.9682921283619,406.7227000782813,92035100,-0.001733186332182,0.0081400169384095,417.4110687255859,423.05657165527344,1,0,-0.0,0.9460182859502011,1.0481042980676893
2023-10-24,410.6192626953125,411.7727171708306,407.8180076603951,409.66935030950145,78564200,0.0075394135319462,0.007729528685801,416.3535736083985,422.6125427246094,0,1,0.0075394135319462,0.9531507090167626,1.056006389795432
2023-10-25,404.7259826660156,408.9617938766799,404.21226147565824,408.93271643497314,94223200,-0.0143521762486573,0.0083449888715499,414.5342132568359,422.1514855957031,0,0,-0.0,0.9394709220494214,1.056006389795432
2023-10-26,399.8795776367187,404.512771066671,398.9587721877273,403.659822847272,115156800,-0.011974533973264,0.0085301459896849,412.48804626464846,421.6562823486328,0,0,-0.0,0.928221195576447,1.056006389795432
2023-10-27,398.0670166015625,401.86663693380547,396.6421626745101,401.4692254760225,107367700,-0.004532767204238,0.0085504511091617,410.46999206542966,421.1895422363281,1,0,-0.0,0.9240137849828595,1.056006389795432
2023-10-30,402.8262023925781,403.88272225418063,399.5597081383843,400.85854988329856,86562700,0.0119557400953398,0.0090984811482668,408.4877960205078,420.8139288330078,1,1,0.0119557400953398,0.9350610536406258,1.0686317277308441
2023-10-31,405.3560791015625,405.67593098866274,401.48860153022065,403.39809925222016,79665200,0.0062803181470276,0.0087866205349328,406.7605285644531,420.4340509033203,1,1,0.0062803181470276,0.9409335345443838,1.0753430749630017
2023-11-01,409.6790771484375,410.4932751362608,405.7922246289102,406.32535052662286,98068100,0.010664692771986,0.0089722063342227,406.0287200927734,420.1636218261719,1,1,0.010664692771986,0.9509683016091585,1.0868112784819648
2023-11-02,417.5303039550781,417.68539350879695,413.4592845158063,413.4786596174057,94938900,0.0191643343401595,0.0099611711057395,406.44842834472655,419.95594604492186,1,0,0.0,0.9691929760880901,1.0868112784819648
2023-11-03,421.3395690917969,422.8904349465744,419.71117325541815,419.8371853582878,100167800,0.0091233261409657,0.0098179453294492,407.7569671630859,419.94306640625,1,0,0.0,0.978035239702475,1.0868112784819648
2023-11-06,422.3088684082031,422.7547323706144,420.3605910898025,422.0956239774314,67831700,0.0023005181272093,0.0097337681809618,409.2331939697266,419.89007446289065,1,0,0.0,0.98028522750046,1.0868112784819648
2023-11-07,423.51080322265625,424.1505365569555,421.1651439105342,422.308896123232,64256100,0.002846103656273,0.0096871335886541,410.52234802246096,419.8072241210937,1,0,0.0,0.9830752208706395,1.0868112784819648
2023-11-08,423.8210144042969,424.63521246037624,421.5141051219166,424.1117888599285,61746000,0.0007324752504072,0.0096472140088476,412.4318511962891,419.6069470214843,0,0,0.0,0.9837952991392158,1.0868112784819648
2023-11-09,420.51568603515625,425.0034918992464,420.0891971681386,424.9647121167065,83174400,-0.0077988779621662,0.009712522899077,414.4954620361328,419.30482421875,1,0,-0.0,0.9761227996614763,1.0868112784819648
2023-11-10,427.0777282714844,427.38790735412255,420.5059605571527,422.58995223462995,89462200,0.0156047502013505,0.0102267487990526,417.396533203125,419.1466925048828,0,0,0.0,0.9913549521160366,1.0868112784819648
2023-11-13,426.6706848144531,427.7756572288507,424.9550565166978,425.7401770580696,52236100,-0.0009530898712013,0.0099891752112232,419.7809814453125,418.9641937255859,1,0,-0.0,0.9904101017524095,1.0868112784819648
2023-11-14,434.9484252929687,436.23756475568536,432.3894918898645,432.612438681597,97176900,0.0194007715390978,0.0108412021429601,422.74021606445314,418.9849188232422,1,0,0.0,1.0096248218665227,1.0868112784819648
2023-11-15,435.8692321777344,437.51703289700214,435.01625437389265,436.28601873814944,77327600,0.0021170484388934,0.010264855146014,425.3592315673829,419.08239990234375,1,0,0.0,1.0117622465195233,1.0868112784819648
2023-11-16,436.4023132324219,436.7221650858265,434.35710126569217,435.4233234108849,66665800,0.001223029788141,0.00993639825067,427.2464324951172,419.2170062255859,1,0,0.0,1.0129996618855333,1.0868112784819648
2023-11-17,436.9450988769531,437.5557547047121,435.4911676985958,436.4119730300388,83133200,0.0012437735274839,0.00929755773281,428.8069854736328,419.34952575683593,1,0,0.0,1.0142596040483367,1.0868112784819648
2023-11-20,440.30859375,441.1518692274426,436.6834380187307,436.69314036041027,69936200,0.0076977516893812,0.0092603221359269,430.6069580078125,419.49271484375,0,0,0.0,1.022067122628871,1.0868112784819648
2023-11-21,439.3489685058594,440.18257120218567,438.0792041489343,439.2617361737396,49244600,-0.0021794379164116,0.0093149112001956,432.1907745361328,419.66423278808594,1,0,-0.0,1.019839590788696,1.0868112784819648
2023-11-22,441.045166015625,442.36341233286754,439.9498960416872,441.00641581534256,59394900,0.0038607067077773,0.0083225885530851,433.9131896972656,419.85962890625,1,0,0.0,1.0237768923377109,1.0868112784819648
2023-11-24,441.3165893554687,441.5104586886624,440.7641179584505,441.0936721606339,29737400,0.0006154093973997,0.0074546233101971,435.9932800292969,419.9860821533203,0,0,0.0,1.0244069342580961,1.0868112784819648
2023-11-27,440.5218505859375,441.5008109728584,440.13411187157703,440.6866129172609,50506000,-0.0018008359275411,0.0072946785160838,437.3376922607422,420.2014599609375,1,0,-0.0,1.022562145446462,1.0868112784819648
2023-11-28,440.9579772949219,442.25681906014256,439.5719031999821,440.13407696271906,62115000,0.0009900228749251,0.0071635803002908,438.76642150878905,420.4205200195312,0,0,0.0,1.0235745053614864,1.0868112784819648
2023-11-29,440.6477661132813,444.24384395397783,440.2503842780265,443.1097645895419,63146000,-0.0007034937513629,0.00724488939515,439.3363555908203,420.6512103271484,1,0,-0.0,1.0228544270929103,1.0868112784819648
2023-11-30,442.3827819824219,442.7317408428034,439.41676478055234,441.4910541020233,79752700,0.0039374212297598,0.00708368820341,439.9877105712891,420.9954992675781,1,0,0.0,1.0268818358290996,1.0868112784819648
2023-12-01,444.9999694824219,445.53306586193185,441.1809737453773,441.7722250179134,89183400,0.0059161151984075,0.0061341024746497,440.84747619628905,421.5326782226563,0,0,0.0,1.0329569870650168,1.0868112784819648
2023-12-04,442.6639404296875,445.01930211338146,440.3861087358581,441.6074205334664,72430900,-0.0052495038492955,0.0062456124080957,441.4193603515625,422.04194213867186,0,0,-0.0,1.0275344753852624,1.0868112784819648
2023-12-05,442.57672119140625,443.5363064434526,440.89984300542426,441.27787936550914,69793500,-0.0001970326252384,0.006274502832382,441.64617309570315,422.5143731689453,0,0,-0.0,1.0273320175700542,1.0868112784819648
2023-12-06,440.793212890625,444.7478930540511,440.3570216637853,444.718815610949,69124700,-0.0040298285368016,0.0064331334591057,441.7905975341797,423.07423400878906,1,0,-0.0,1.0231920456888806,1.0868112784819648
2023-12-07,444.1566467285156,444.80605282503006,442.27622650644105,442.877180057356,66995400,0.0076304120379575,0.0065443430661748,442.1017456054687,423.6980682373047,1,0,0.0,1.0309994225914474,1.0868112784819648
2023-12-08,446.0661010742187,446.5991973452758,443.1679114532356,443.4102333183171,83194400,0.0042990561095221,0.0060993005379404,442.5766967773437,424.3122076416016,1,0,0.0,1.035431746958053,1.0868112784819648
2023-12-11,447.8010864257813,447.9755806426955,445.35849277233257,445.57173718829034,65002200,0.0038895252236927,0.0053370658328416,443.30462036132815,424.98120849609376,1,0,0.0,1.0394590848552585,1.0868112784819648
2023-12-12,449.8463439941406,449.943278662212,446.4538376737931,447.45220263628306,68327600,0.0045673349850132,0.0052979282552868,444.19345703125,425.6944104003906,1,0,0.0,1.0442066426990078,1.0868112784819648
2023-12-13,456.0497741699219,456.3017983886153,449.86571511357835,450.22434675999136,93278000,0.0137901091308236,0.0044447520860827,445.73365783691406,426.6425671386719,1,0,0.0,1.058606366256958,1.0868112784819648
2023-12-14,457.513427734375,459.1806035101216,454.838184620191,457.98836917003774,119026000,0.0032094162684701,0.0044480498665251,447.24672241210936,427.5604833984375,0,0,0.0,1.0620038747507292,1.0868112784819648
2023-12-15,456.7601623535156,458.0934952946608,454.9110550186804,456.9158807196401,141553700,-0.001646433383583,0.0045346513588285,448.4227416992187,428.46643615722655,1,0,-0.0,1.0602553561178452,1.0868112784819648
2023-12-18,459.3293762207031,460.3123352105149,457.3050972785772,458.36590058529424,70375300,0.005624864160546,0.0045868661990189,450.0892852783203,429.3260675048828,1,0,0.0,1.0662191484714993,1.0868112784819648
2023-12-19,462.12255859375,462.2004326198957,459.796584391768,459.8744287176748,55761800,0.0060810009497516,0.0045041475848804,452.0438690185547,430.18825256347657,0,0,0.0,1.0727028281259978,1.0868112784819648
2023-12-20,455.71881103515625,463.15417688283,455.2905929826461,461.26613266046417,102921000,-0.0138572494233575,0.0057247119625723,453.5364288330078,430.8787445068359,1,0,-0.0,1.0578381174795148,1.0868112784819648
2023-12-21,460.0399169921875,460.3124166999498,456.2832820563495,458.7065840896728,86667500,0.0094819565319586,0.0059618927420598,455.124755859375,431.6211511230469,1,0,0.0,1.0678684925273045,1.0868112784819648
2023-12-22,460.9644470214844,462.648123930447,459.0666907821435,461.16881437336167,67160400,0.0020096734982077,0.0059514246169131,456.6145904541016,432.43361511230466,1,0,0.0,1.0700145595363078,1.0868112784819648
2023-12-26,462.910888671875,463.81597380070593,461.2953440901739,461.3732181207506,55387000,0.004222541809824,0.0058905553024773,458.1255706787109,433.3268817138672,1,0,0.0,1.0745327407510703,1.0868112784819648
2023-12-27,463.7478332519531,463.8938099220547,462.1712258143802,462.7064835048319,68000300,0.0018080036580676,0.0058823659564856,459.5157196044922,434.1488751220703,1,0,0.0,1.0764754998770618,1.0868112784819648
2023-12-28,463.9230346679687,464.75998742977106,463.5045582870676,464.1079483619,77158100,0.0003777945759595,0.0058559035397589,460.30304565429685,434.9747607421875,0,0,0.0,1.0768821864820688,1.0868112784819648
2023-12-29,462.5799255371094,464.2538605283432,460.6237492048473,463.7283148554509,122283100,-0.0028951119700719,0.005971519183005,460.8096954345703,435.886416015625,0,0,-0.0,1.0737644919736273,1.0868112784819648
2024-01-02,459.99114990234375,460.9838505543304,457.88899697489745,459.5142829304583,123623700,-0.0055963856013849,0.0061518411884132,461.13279418945314,436.81957458496095,0,0,-0.0,1.067755291831468,1.0868112784819648
2024-01-03,456.234619140625,458.570335093064,455.6312290704376,457.83068032303305,103585900,-0.0081665283397653,0.0063558725475536,460.8233184814453,437.77918334960935,0,0,-0.0,1.0590354379807918,1.0868112784819648
2024-01-04,454.7650451660156,458.3464782249613,454.5411944622418,455.7577162648923,84232200,-0.0032210926417146,0.0064346068331568,460.0875671386719,438.72355224609373,1,0,-0.0,1.055624186724197,1.0868112784819648
2024-01-05,455.3879699707031,457.8404675094983,453.9378556221512,454.9694638511856,86118900,0.0013697728339259,0.0063077501167841,460.0544830322266,439.6189263916016,1,0,0.0,1.0570701520580068,1.0868112784819648
2024-01-08,461.8890075683594,462.0349842457667,455.7577198150965,455.884242835596,74879100,0.0142758219943195,0.0067955816893034,460.23939208984376,440.7621868896484,0,0,0.0,1.0721606973842952,1.0868112784819648
2024-01-09,461.1882629394531,462.21012932199153,458.72602412321226,459.2320864754785,65931400,-0.0015171277458958,0.0068155903350673,460.26177368164065,441.9883605957031,1,0,-0.0,1.0705340926422344,1.0868112784819648
2024-01-10,463.7965087890625,464.66268658164086,461.1785514545196,461.4607928330298,67310600,0.0056554905213443,0.0068568944948487,460.3503356933594,443.3029504394531,0,0,0.0,1.0765884880559486,1.0868112784819648
2024-01-11,463.5921020507813,465.3146861106975,459.6116465550996,464.7988820904805,77940700,-0.0004407250473164,0.0068411229269826,460.3347625732422,444.5182684326171,1,0,-0.0,1.0761140085436098,1.0868112784819648
2024-01-12,463.9132995605469,465.78189018349474,462.50215203979474,465.0422353972928,58026400,0.0006928450858949,0.0062026612620721,460.3337890625,445.68941284179687,0,0,0.0,1.076859588846292,1.0868112784819648
2024-01-16,462.2101440429687,463.8451421871986,460.39023221216354,462.531322425016,85014900,-0.0036712797826479,0.0062568591180509,460.2968109130859,446.7400341796875,0,0,-0.0,1.07290613600901,1.0868112784819648
2024-01-17,459.6408386230469,460.1274473065962,457.28563952656407,459.1834252725011,68843900,-0.0055587387101634,0.0063882426707272,460.26177978515625,447.5822448730469,1,0,-0.0,1.0669421311384049,1.0868112784819648
2024-01-18,463.7283630371094,464.28310409945385,459.7673906749951,461.314802822399,91856200,0.0088928660610478,0.0065699141179745,461.0111541748047,448.4300207519531,1,0,0.0,1.0764303046055077,1.0868112784819648
2024-01-19,469.5093078613281,469.79154925027024,463.7770722736198,464.85732943436926,110834500,0.0124662308476397,0.0069968123132671,462.48558044433594,449.3740295410156,1,0,0.0,1.089849333274115,1.0868112784819648
2024-01-22,470.5019836425781,472.22456782073624,469.8499148891261,471.0469830334159,75844900,0.0021142834968954,0.0060860715809663,463.9969818115234,450.31385314941406,1,0,0.0,1.092153583733559,1.0868112784819648
2024-01-23,471.8741760253906,472.1174803762762,469.956966252641,471.0469649925702,49945300,0.0029164433530952,0.0058102211261081,464.99549865722656,451.274916381836,1,0,0.0,1.095338787793398,1.0868112784819648
2024-01-24,472.3900146484375,475.6794645582401,471.8936642634199,474.745184157241,81765000,0.0010931698517426,0.0058078329899244,466.115673828125,452.3124029541016,1,0,0.0,1.096536179133658,1.0868112784819648
2024-01-25,474.9593200683594,475.2318197715896,472.39004139507995,474.52136032734217,72525000,0.0054389494702464,0.0058469378961662,467.23195495605466,453.27003479003906,0,0,0.0,1.1025001840042632,1.0868112784819648
2024-01-26,474.3558654785156,476.02005880762255,473.5091711479216,474.5310374710035,76641600,-0.0012705395269575,0.0058733715941794,468.30833129882814,454.22373840332034,1,0,-0.0,1.1010994139420078,1.0868112784819648
2024-01-29,478.1125183105469,478.2585246858996,474.1223505896568,474.66734997690736,61322800,0.0079194821976991,0.0060604507300868,469.72825317382814,455.0870202636719,0,0,0.0,1.1098195511486184,1.0868112784819648
2024-01-30,477.7427062988281,478.4531359964777,476.983568210537,477.421527922976,58618400,-0.0007734832232075,0.0059972503744592,471.28150939941406,455.92448974609374,0,0,-0.0,1.1089611243450173,1.0868112784819648
2024-01-31,469.9472351074219,475.98116532447904,469.9277517507619,475.5334936248827,126011100,-0.016317300271938,0.0070618773569547,472.3121490478515,456.59538818359374,1,0,-0.0,1.0908658726891736,1.0868112784819648
2024-02-01,476.0980224609375,476.12721779851535,470.84262409498666,471.65041126837735,91891600,0.0130882509652592,0.0071928660049822,473.5491149902344,457.3784466552734,1,0,0.0,1.105143399000366,1.0868112784819648
2024-02-02,481.1100463867187,482.7644982110768,476.1952805049677,476.5359125482952,99228200,0.0105272941481131,0.0073078106382464,474.7091888427734,458.1944757080078,0,0,0.0,1.1167775686374886,1.0868112784819648
2024-02-05,479.3582458496094,481.1392504253947,477.1004039249224,480.4774696836803,75757100,-0.0036411639088934,0.0074456530518441,475.5948150634766,458.9946612548828,1,0,-0.0,1.112711198460304,1.0868112784819648
2024-02-06,480.74993896484375,481.0808293147646,478.871606822303,480.3022375794468,55918600,0.002903242256254,0.0069224781582799,476.4823913574219,459.7887567138672,1,0,0.0,1.1159416686306811,1.0868112784819648
2024-02-07,484.7596130371094,485.1780894084531,482.0929770540646,482.9980918458816,70556500,0.0083404567474294,0.0070073464027697,477.71935119628904,460.6576171875,1,0,0.0,1.1252491318505495,1.0868112784819648
2024-02-08,484.9737548828125,485.35329426615607,483.9421467021212,484.7596458434101,52343600,0.0004417485284333,0.0069814461294761,478.7207946777344,461.5466552734375,1,0,0.0,1.1257462089986654,1.0868112784819648
2024-02-09,487.7765808105469,488.2145108276318,485.13914022884614,485.4797722645157,63979400,0.0057793352723007,0.0069934261408593,480.0628662109375,462.48302734375,0,0,0.0,1.1322522737719902,1.0868112784819648
2024-02-12,487.5624694824219,490.01496666720067,486.84226840178366,487.7473831666172,56502300,-0.0004389536860691,0.0070139567297439,481.007861328125,463.4213214111328,0,0,-0.0,1.131755267462858,1.0868112784819648
2024-02-13,480.8472595214844,483.776653518952,477.5772631803255,481.2852192494293,113099200,-0.0137730247532508,0.0078021367171943,481.3183166503906,464.1906109619141,1,0,-0.0,1.1161675741494699,1.0868112784819648
2024-02-14,485.2170104980469,485.703619202311,481.1586808363787,483.48468469887587,68387800,0.0090876071143901,0.0077417178529154,482.8452941894531,464.99495178222656,1,0,0.0,1.1263108665371622,1.0868112784819648
2024-02-15,488.56488037109375,488.74979405458623,485.4408311080291,485.91772783399097,61683000,0.0068997372322343,0.0076708461017375,484.0919799804687,465.9129705810547,0,0,0.0,1.1340821155580787,1.0868112784819648
2024-02-16,486.1318359375,489.4018321652925,485.39218120492103,488.263184432494,75532900,-0.0049799822528089,0.0074843331063685,484.5941589355469,466.78407287597656,0,0,-0.0,1.1284344067493715,1.0868112784819648
2024-02-20,483.4554748535156,485.06127758934093,481.20734508331265,484.3897552215933,71736700,-0.0055054223692695,0.0076576964216847,485.0038818359375,467.6373181152344,1,0,-0.0,1.1222218987242,1.0868112784819648
2024-02-21,483.8934631347656,484.0491814982397,480.3412252124708,482.15142520014626,59293400,0.0009059537103861,0.0076497514423053,485.3182342529297,468.4320544433594,1,0,0.0,1.123238579817226,1.0868112784819648
2024-02-22,493.9078369140625,494.8713126484984,489.54781221335594,490.51131764803023,76402500,0.0206954103376839,0.0087938985370977,486.233056640625,469.3888891601562,1,0,0.0,1.1464844631336608,1.0868112784819648
2024-02-23,494.24847412109375,496.4674086571224,493.51856105397593,495.6304262293698,61321800,0.0006896776717688,0.0087678041157666,487.1605285644531,470.3178369140625,0,0,0.0,1.147275167868914,1.0868112784819648
2024-02-26,492.4382629394531,495.1243524687158,492.3117399253592,494.6863927584272,50386700,-0.0036625528988423,0.0088312653851938,487.62669677734374,471.16967529296875,1,0,-0.0,1.143073211877066,1.0868112784819648
2024-02-27,493.35308837890625,493.57693907250416,491.2314815795864,493.1292673855463,48854500,0.0018577464594087,0.0087174267180368,488.2057586669922,471.9157415771484,0,0,0.0,1.1451967520892754,1.0868112784819648
2024-02-28,492.7010803222656,493.2849870375032,491.4358798053579,491.7959655131677,56506600,-0.001321585031084,0.0087261587585174,489.3911407470703,472.61949462890624,1,0,-0.0,1.1436832772040681,1.0868112784819648
2024-02-29,494.4723205566406,496.0878651256629,491.8154558638112,494.4626085780751,83924800,0.0035949591042432,0.0076459130102378,490.31667175292966,473.3737377929688,1,0,0.0,1.1477947718138237,1.0868112784819648
2024-03-01,499.1145324707031,499.54275051356746,494.9394511031337,495.3482154895911,76844800,0.0093882139021181,0.0074195420674562,491.37163696289065,474.1694409179688,0,0,0.0,1.1585705146473448,1.0868112784819648
2024-03-04,498.5792541503906,500.42839094094944,498.28730081516426,498.31652584892447,49799300,-0.0010724558903599,0.0072000537625804,492.6163787841797,474.8985748291016,0,0,-0.0,1.157327998874514,1.0868112784819648
2024-03-05,493.5964050292969,497.0221493633574,491.3872121731412,496.5744479650044,72855600,-0.009994096384104,0.0075831225476449,493.63047180175784,475.6561267089844,1,0,-0.0,1.14576155130574,1.0868112784819648
2024-03-06,496.09759521484375,498.3554668272533,494.8032290742474,496.8761572948693,68382400,0.0050672779624447,0.0076196730193291,494.8508850097657,476.3772802734375,1,0,0.0,1.1515674435648882,1.0868112784819648
2024-03-07,501.0220947265625,502.0731862501541,496.1560072661152,499.396838146908,58652100,0.0099264732569124,0.0077013311931008,495.5623107910157,477.1784332275391,0,0,0.0,1.162998446996966,1.0868112784819648
2024-03-08,498.0148620605469,504.34074613282087,497.4406672975321,501.6547157196658,86532500,-0.0060021957068716,0.0078883565292355,495.93894958496094,477.8805126953125,0,0,-0.0,1.1560179027113027,1.0868112784819648
2024-03-11,497.5865478515625,498.1704841808752,494.88100490264105,496.80798587930246,62557200,-0.0008600430260499,0.0078319614361102,496.4537780761719,478.5572869873047,1,0,-0.0,1.155023677576087,1.0868112784819648
2024-03-12,502.9393310546875,503.5232377514132,497.1778411114309,499.6985003866654,73114400,0.0107574917895927,0.0081167789895055,497.41240234375,479.3376129150391,0,0,0.0,1.1674488353043968,1.0868112784819648
2024-03-13,502.1510009765625,503.43565519442245,500.7106580961506,503.26048317387085,55104100,-0.001567445672765,0.0073211341221721,498.3573944091797,480.1290344238281,0,0,-0.0,1.1656189226793243,1.0868112784819648
2024-03-14,501.1583251953125,503.27993205507374,498.1121499011311,503.12418400270946,110171800,-0.0019768471621474,0.0071897644252861,499.0259948730469,480.9523779296875,0,0,-0.0,1.1633146722198804,1.0868112784819648
2024-03-15,497.717041015625,499.5426370968139,496.0476768950372,498.0880174407595,107646300,-0.0068666607071654,0.0073177498397731,498.88624572753906,481.7820263671875,1,0,-0.0,1.1553265850700791,1.0868112784819648
2024-03-18,500.6750793457031,503.23282668542583,500.26507469946,501.7880086848295,88893300,0.0059432128826493,0.0072589716769329,499.0958282470703,482.7002270507812,1,0,0.0,1.1621929369141348,1.0868112784819648
2024-03-19,503.45745849609375,503.74054704284674,498.9764843892814,499.982041601448,60755300,0.0055572551244744,0.0071171777222764,500.08193359375,483.66161682128904,1,0,0.0,1.168651539568429,1.0868112784819648
2024-03-20,508.1140747070313,508.2507627953458,502.84240721032234,503.51601611982346,69594600,0.0092492744567684,0.0072888538992697,501.2835815429688,484.5861181640625,1,0,0.0,1.1794607184022223,1.0868112784819648
2024-03-21,509.793212890625,511.6578075346775,509.5100647824686,510.9549424076125,60256100,0.003304648044953,0.0059064414711981,502.160693359375,485.55821716308594,0,0,0.0,1.183358420959389,1.0868112784819648
2024-03-22,508.82672119140625,510.19342318455074,508.5923732409752,509.7053025616341,79070800,-0.0018958504640314,0.0059555201937949,503.24187927246095,486.4588214111328,0,0,-0.0,1.1811149503478977,1.0868112784819648
2024-03-25,507.4208984375,508.57285588251494,507.2646664806993,507.4501546887545,48512100,-0.0027628713181857,0.0059179806781636,504.2253143310547,487.3353973388672,0,0,-0.0,1.177851681728101,1.0868112784819648
2024-03-26,506.483642578125,509.18784949164274,506.0834099446397,508.8461293557132,65463700,-0.0018470974732437,0.0059645318346655,504.5797454833984,488.1868041992187,1,0,-0.0,1.1756760748629251,1.0868112784819648
2024-03-27,510.7401428222656,510.77923060858313,507.1475819984231,509.3148686626399,82999800,0.008404023123973,0.0061310153018177,505.4386596679687,489.1574041748047,0,0,0.0,1.185556483782375,1.0868112784819648
2024-03-28,510.6424255371094,512.1458153398996,510.3593370763644,510.7791135878248,96294900,-0.0001913248577177,0.0061316942275002,506.3870697021485,490.1774359130859,0,0,-0.0,1.1853296573567993,1.0868112784819648
2024-04-01,509.754150390625,511.9214371433278,508.5924208160107,511.38451632490194,62477500,-0.0017395247673556,0.0058906030223021,507.5907806396484,491.09795166015624,0,0,-0.0,1.183267747060346,1.0868112784819648
2024-04-02,506.5130615234375,506.6496900205949,504.20908677438206,505.9272809933223,74230300,-0.0063581412033699,0.0061064792496858,508.17457885742186,491.83802673339846,1,0,-0.0,1.175744363643143,1.0868112784819648
2024-04-03,507.0694580078125,508.5729077163445,505.3708077109344,505.4196078580209,59155800,0.0010984839812453,0.0055523978551926,508.53577880859376,492.56937622070313,0,0,0.0,1.1770358999926445,1.0868112784819648
2024-04-04,500.8800964355469,511.4234898322038,500.57746403679687,511.08182923475704,96858100,-0.0122061415345001,0.0062458423417392,507.8123809814453,493.14949462890627,1,0,-0.0,1.1626688332061466,1.0868112784819648
2024-04-05,506.1127624511719,508.0750169684766,501.7977926534172,502.23711314886503,74546500,0.0104469433959597,0.0062881335913433,507.4443359375,493.8239495849609,1,0,0.0,1.1748151686948978,1.0868112784819648
2024-04-08,506.3958740234375,507.82120781564623,505.5856366208852,506.8157102301138,48401800,0.0005593843769013,0.0060979912357768,507.2012512207031,494.4526806640625,1,0,0.0,1.1754723419460125,1.0868112784819648
2024-04-09,506.9816589355469,508.377676899054,502.12970850017103,508.13361656448893,68049200,0.0011567726795542,0.0060848435276364,507.15732727050784,495.1051965332031,0,0,0.0,1.1768320962367473,1.0868112784819648
2024-04-10,501.9051208496094,503.8966314464908,499.9233821983309,501.28031218136,82652800,-0.0100132578693205,0.0060959531206174,506.69947509765626,495.5810485839844,1,0,-0.0,1.1650481729882358,1.0868112784819648
2024-04-11,505.69293212890625,507.1377500106354,499.9136010169566,503.4280454371211,70099000,0.0075468671706018,0.0063160246009753,506.1947540283203,496.14005310058593,0,0,0.0,1.1738406367971304,1.0868112784819648
2024-04-12,498.7128601074219,503.5647804243456,496.9848939875648,502.1492186619509,92561100,-0.0138029851279493,0.0070574146366812,505.0017974853516,496.7153656005859,0,0,-0.0,1.157638131944837,1.0868112784819648
2024-04-15,492.46490478515625,503.05709839116423,491.6155498817616,502.8911540643935,92101400,-0.0125281616377805,0.0074411212422462,503.2728729248047,497.04270324707034,0,0,-0.0,1.1431350543097738,1.0868112784819648
2024-04-16,491.5667724609375,494.4662102656471,490.2781268160622,492.9432762462562,73484000,-0.0018237488915288,0.0072880417265061,501.7782440185547,497.2518377685547,0,0,-0.0,1.1410502630216086,1.0868112784819648
2024-04-17,488.6575317382813,494.1928325755386,487.26151394107353,494.0268584590965,75910300,-0.0059183022239108,0.0072048070068759,499.9370513916016,497.4378234863281,0,0,-0.0,1.1342971827123738,1.0868112784819648
2024-04-18,487.6520385742187,492.1525264143248,486.7148552774961,490.0536135988177,74548100,-0.0020576643124392,0.0067489379699427,498.61424560546874,497.57586547851565,0,0,-0.0,1.1319631798798062,1.0868112784819648
2024-04-19,483.39556884765625,488.56963499823337,482.1264374838719,487.57387975581537,102212600,-0.0087284977604265,0.0067844755139025,496.3425262451172,497.54858459472655,1,0,-0.0,1.12208284179934,1.0868112784819648
2024-04-22,487.84722900390625,490.4440340397871,483.6591461256328,486.0021189287348,67961000,0.0092091455593232,0.0072840172650411,494.487661743164,497.6060540771484,1,0,0.0,1.1324162660190893,1.0868112784819648
2024-04-23,493.6363830566406,494.0659315908711,487.6617913619136,489.85833417865257,64633600,0.0118667355445571,0.0079185354381026,493.15313415527345,497.72325012207034,0,0,0.0,1.1458543503742928,1.0868112784819648
2024-04-24,493.402099609375,495.31552414024065,491.1762707245871,494.52477110173174,55928100,-0.0004746073330634,0.0079199142647048,492.30283203125,497.84004272460936,0,0,-0.0,1.1453105194969826,1.0868112784819648
2024-04-25,491.5276794433594,492.28914639879576,485.6702321576898,487.3200821932215,69122400,-0.0037989707937999,0.0075983072419725,490.8863067626953,498.0536511230469,1,0,-0.0,1.1409595182835819,1.0868112784819648
2024-04-26,496.1844177246094,497.7659238799117,493.6852423545601,494.31979324751813,64306100,0.009474010266367,0.0080081994746106,490.6334625244141,498.27299926757814,1,0,0.0,1.1517689804733098,1.0868112784819648
2024-04-29,497.9416198730469,498.61522873285696,495.1983842873063,497.9709059194509,46415400,0.0035414295283509,0.0080832847282503,491.18113403320314,498.4605340576172,0,0,0.0,1.1558478891505966,1.0868112784819648
2024-04-30,490.0536193847656,497.45351534342734,490.0536193847656,496.4772740416634,77483600,-0.015841215462753,0.0086628076729743,491.0298187255859,498.5389697265625,0,0,-0.0,1.1375378536963938,1.0868112784819648
2024-05-01,488.4622802734375,496.11600754799895,487.9936737818256,489.46780749693494,80242800,-0.0032472754988035,0.0086456567994501,491.0102935791016,498.63910583496096,1,0,-0.0,1.133843954895124,1.0868112784819648
2024-05-02,493.0311279296875,493.8707109149056,487.68131503899394,492.1720308443552,62550200,0.0093535321779449,0.0086281412204267,491.5482025146485,498.82185913085937,1,0,0.0,1.1444494008120039,1.0868112784819648
2024-05-03,499.1423645019531,500.37240813782097,496.4772153379588,499.0154483809272,72756700,0.012395234755111,0.0087710739339204,493.1228820800781,498.9265496826172,1,0,0.0,1.1586351198004148,1.0868112784819648
2024-05-06,504.2969970703125,504.3360252733681,501.1046688154984,501.5439893363052,47264700,0.0103269787037665,0.0091078124187732,494.7678588867187,499.1275201416016,1,0,0.0,1.1706003200080297,1.0868112784819648
2024-05-07,504.8534240722656,506.2494419365131,504.1798152133592,505.2634287213709,52561300,0.0011033716345441,0.0091074113642515,495.8895629882812,499.3758233642578,1,0,0.0,1.171891927196515,1.0868112784819648
2024-05-08,504.9021301269531,505.439050807753,502.90084781577497,503.017991979403,42047200,9.647563503611956e-05,0.0088080179200162,497.03956604003906,499.60680419921874,1,0,0.0,1.1720049862143849,1.0868112784819648
2024-05-09,507.8114318847656,507.8505196720802,504.4336750443816,505.0877400464436,43643700,0.0057621102867617,0.0087398791965479,498.6679412841797,499.9090112304688,1,0,0.0,1.1787582082015868,1.0868112784819648
2024-05-10,508.4655456542969,510.2227680798631,507.2452440275092,509.4124711158648,52233200,0.0012881036708911,0.0080905010850439,499.8960540771485,500.1888757324219,1,0,0.0,1.1802765709766643,1.0868112784819648
2024-05-13,508.5338439941406,510.25203826517287,507.3916583240956,510.14466601949385,36716400,0.0001343224539547,0.0074459135032409,500.9552764892578,500.3772619628906,1,0,0.0,1.180435108622023,1.0868112784819648
2024-05-14,510.8669738769531,511.3844102791641,508.1920827014514,508.7290034085362,57535900,0.0045879539982778,0.0074272518284615,503.03661193847654,500.6230163574219,1,0,0.0,1.185850890598333,1.0868112784819648
2024-05-15,517.193115234375,517.4859756907869,512.7023697575905,513.3369504006804,59504900,0.0123831480226896,0.007533005286485,505.9096954345703,501.09495056152343,0,0,0.0,1.2005354577094505,1.0868112784819648
2024-05-16,516.1289672851562,518.8917465910545,515.9825072697596,517.2906967075278,50244800,-0.0020575446924433,0.0075330011692566,508.2194793701172,501.4955780029297,1,0,-0.0,1.1980653023503502,1.0868112784819648
2024-05-17,516.8709106445312,516.9392546781255,514.7915121402848,516.2461019816988,59187600,0.0014375154397507,0.0070358535928625,509.992333984375,501.81255432128904,1,0,0.0,1.1997875397203086,1.0868112784819648
2024-05-20,517.4664306640625,518.930792527948,516.5975616577482,516.9880819887991,37764200,0.0011521639296525,0.0069139526039856,511.30927734375,502.2015856933594,1,0,0.0,1.201169891646821,1.0868112784819648
2024-05-21,518.7355346679688,518.8917666350982,516.4999636631139,516.7049957755823,33437000,0.0024525339784411,0.0065895258284996,512.6974884033203,502.6245654296875,0,0,0.0,1.2041158016199653,1.0868112784819648
2024-05-22,517.2418212890625,518.7549830261315,515.0647631915122,518.0423461143242,48390000,-0.0028795277729765,0.0066682029041816,513.9314575195312,502.910615234375,0,0,-0.0,1.2006485167273209,1.0868112784819648
2024-05-23,513.4638671875,520.4049281460258,512.2532779910508,520.2975559093766,57211200,-0.0073040383551105,0.0068818711826558,514.4967010498046,503.1368725585937,1,0,-0.0,1.1918789339101379,1.0868112784819648
2024-05-24,516.8612060546875,517.6715030328614,514.3620306627067,515.3089561408403,41291100,0.0066165101077051,0.0067515084254948,515.3362670898438,503.45093017578125,1,0,0.0,1.1997650129235151,1.0868112784819648
2024-05-28,517.2223510742188,517.9057318355667,514.5864879004678,517.6714434796838,36269600,0.0006987272701077,0.0067487143816944,516.2051177978516,503.8410363769531,0,0,0.0,1.200603321455766,1.0868112784819648
2024-05-29,513.6005249023438,514.7817983278129,512.8878878194378,513.1905202395113,45190300,-0.0070024548713968,0.0057379108266584,516.4784729003907,504.0995452880859,0,0,-0.0,1.192196150878823,1.0868112784819648
2024-05-30,510.19342041015625,512.7219114405311,508.94386260650384,512.0580745471788,46377600,-0.0066337636489669,0.0059579878142021,515.7785034179688,504.2342645263672,1,0,-0.0,1.1842874033906847,1.0868112784819648
2024-05-31,514.8402099609375,514.9671260573838,506.0442690419747,511.15004997548647,90785800,0.0091078978381289,0.0059426894173811,515.6496276855469,504.3687872314453,1,0,0.0,1.1950737720717501,1.0868112784819648
2024-06-03,515.2601318359375,516.7342656913833,510.18366530067414,516.4511771729021,46835700,0.0008156353502999,0.0054380617950558,515.4885498046875,504.4781256103516,1,0,0.0,1.196048516486468,1.0868112784819648
2024-06-04,515.8359985351562,516.5779512319884,512.4874990407873,513.9518605471598,34632700,0.0011176232423937,0.0050356049880548,515.3255065917969,504.6183111572266,1,0,0.0,1.1973852481075238,1.0868112784819648
2024-06-05,521.9669189453125,521.9864628385163,516.1680432425981,518.1596136281009,47610400,0.0118854062678186,0.0055788891004614,515.6486450195313,504.9092315673828,0,0,0.0,1.2116166582403745,1.0868112784819648
2024-06-06,521.9570922851562,522.6990451286446,520.0241537818829,522.2694966184689,30808500,-1.8826212542566445e-05,0.0055806740897467,516.1201721191406,505.21870056152346,0,0,-0.0,1.2115938480876463,1.0868112784819648
2024-06-07,521.3226318359375,524.1342115774243,519.8875261250549,520.980911626184,43224500,-0.0012155413895058,0.0055297343169804,516.9060485839843,505.4303503417969,1,0,-0.0,1.2101211056180252,1.0868112784819648
2024-06-10,522.9332885742188,523.2554648254413,519.9167369014993,520.5122296802525,35686100,0.0030895584421666,0.0055436993742622,517.5132568359375,505.67616760253907,1,0,0.0,1.2138598454959315,1.0868112784819648
2024-06-11,524.1926879882812,524.2512600728273,519.4090826052437,521.3811087600108,36383400,0.002408336668519,0.0055392958608212,518.2102905273438,505.9649383544922,1,0,0.0,1.2167832286722822,1.0868112784819648
2024-06-12,528.4979858398438,531.1924214122917,527.4631724257194,528.7615900630306,63251300,0.0082131970746961,0.0057014961931384,519.7000366210938,506.40463684082033,1,0,0.0,1.2267769091265528,1.0868112784819648
2024-06-13,529.5621337890625,530.4212309464041,526.770097820224,530.2455146530901,44760900,0.0020135326486205,0.0051222051783761,521.6369079589844,506.8544903564453,1,0,0.0,1.229247064485653,1.0868112784819648
2024-06-14,529.8843383789062,529.9135946368305,527.0238986275654,528.0294558754849,40089900,0.0006084358553704,0.0050675083945248,523.1413208007813,507.4345751953125,1,0,0.0,1.2299949824747949,1.0868112784819648
2024-06-17,534.1015014648438,535.49757872361,528.7419471638832,529.2008114818414,55839500,0.0079586482945301,0.0052802438358068,525.0254577636719,507.9943499755859,1,0,0.0,1.2397840799443487,1.0868112784819648
2024-06-18,535.45849609375,535.5854122094039,533.7403021449248,534.1600786870761,41376400,0.0025407055123127,0.0052824235176132,526.9877075195312,508.5756024169922,0,0,0.0,1.242934006190341,1.0868112784819648
2024-06-20,534.0039672851562,537.0498352385172,532.2272010481894,536.385998334327,70328200,-0.002716417461306,0.0053705962707112,528.1914123535156,509.1160485839844,0,0,-0.0,1.2395576785526745,1.0868112784819648
2024-06-21,533.2880859375,534.4046057790133,531.8288032321234,533.180367297688,64338600,-0.0013405918148805,0.0053158166600559,529.32451171875,509.7437078857422,0,0,-0.0,1.2378959376747345,1.0868112784819648
2024-06-24,531.5545654296875,535.6778223121559,531.4370433131713,533.111823139434,45528700,-0.003250626731638,0.0050304051919582,530.347705078125,510.2609405517578,1,0,-0.0,1.2338720000487429,1.0868112784819648
2024-06-25,533.6015014648438,533.9638712753774,531.2607431275164,532.7787868983022,37936200,0.003850848376218,0.0049263736292742,531.4145263671875,510.9587133789062,1,0,0.0,1.2386234540365915,1.0868112784819648
2024-06-26,534.2675170898438,534.9824532882294,531.8386468881042,532.4850185530828,38550600,0.0012481517071665,0.0049225754716522,532.4220092773437,511.794765625,1,0,0.0,1.2401694440152837,1.0868112784819648
2024-06-27,535.1096801757812,535.6875469780335,533.3859430174333,534.1302894973802,35041500,0.0015762947568378,0.0044847031008385,533.0831787109375,512.6656237792969,0,0,0.0,1.2421243166074756,1.0868112784819648
2024-06-28,533.0040283203125,538.9391939081404,531.76024266257,535.883439640916,76144500,-0.003934991149435,0.004243367027616,533.4273681640625,513.5525537109374,1,0,-0.0,1.2372365684151272,1.0868112784819648
2024-07-01,534.1009521484375,534.6298016081159,531.3390631933655,534.3849539324244,40297800,0.0020580028852348,0.0039196069319214,533.8490295410156,514.4815319824219,1,0,0.0,1.2397828048426436,1.0868112784819648
2024-07-02,537.6953125,537.6953125,532.4457925507478,532.4947501316359,40434800,0.0067297396439831,0.00405846058357,534.2084106445312,515.5675268554687,1,0,0.0,1.2481262203343217,1.0868112784819648
2024-07-03,540.0948486328125,540.457218430894,537.3427629954197,537.381917105902,32789900,0.0044626316745368,0.0040829147622398,534.6720458984375,516.6124792480468,1,0,0.0,1.2536961479390056,1.0868112784819648
2024-07-05,543.209228515625,543.6107523683424,539.7617544001083,540.3983822148235,41488400,0.0057663573179713,0.0035176175177921,535.5925720214843,517.6039361572266,1,0,0.0,1.2609254078961862,1.0868112784819648
2024-07-08,543.8360595703125,544.7860397915607,542.7684974779849,543.9927357696513,36110500,0.0011539403636429,0.0034918314548152,536.6473693847656,518.6126153564453,1,0,0.0,1.2623804406199006,1.0868112784819648
2024-07-09,544.3649291992188,545.6968861634513,544.0711239537649,544.795863484972,27289700,0.0009724798854346,0.003417251784709,537.9284057617188,519.6693603515625,1,0,0.0,1.2636080802061698,1.0868112784819648
2024-07-10,549.751708984375,550.094471889601,545.2954923300525,545.5892976455715,38701200,0.0098955305461732,0.0038278147752286,539.5434265136719,520.7407061767578,0,0,0.0,1.2761121525622412,1.0868112784819648
2024-07-11,545.0112915039062,550.7407626908513,544.3747234457534,549.8690906630567,53054200,-0.0086228335501244,0.0045667686125903,540.6178039550781,521.682099609375,1,0,-0.0,1.265108449879406,1.0868112784819648
2024-07-12,548.448974609375,552.0531251206323,545.667538567234,546.1376269625789,53084400,0.0063075447409224,0.0044477433601436,541.9517333984375,522.8500067138672,1,0,0.0,1.2730881780291394,1.0868112784819648
2024-07-15,549.9573364257812,553.1991175344059,548.0964700225896,550.4470318184875,40584300,0.002750231810499,0.0044520965034212,543.6470642089844,524.0799078369141,1,0,0.0,1.2765894656339254,1.0868112784819648
2024-07-16,553.2185668945312,553.5123721227574,550.5154392403327,551.2695891404957,36475300,0.0059299699317496,0.0045291523057632,545.5588256835938,525.2836566162109,0,0,0.0,1.284159602780323,1.0868112784819648
2024-07-17,545.4618530273438,548.9582849622979,545.1386373621594,547.2835053633577,57119000,-0.0140210656896956,0.0055918006079939,546.3354797363281,526.2100463867188,0,0,-0.0,1.2661543166336866,1.0868112784819648
2024-07-18,541.2699584960938,547.9886231424467,539.0859366844549,546.9994291163081,56270400,-0.0076850370158513,0.0059085609699525,546.4529907226563,526.9495056152343,0,0,-0.0,1.2564238738425768,1.0868112784819648
2024-07-19,537.6757202148438,542.6608454522978,536.6179614633988,541.0350233261719,65509100,-0.0066403801371806,0.0060854617335359,545.8996398925781,527.605951538086,1,0,-0.0,1.2480807417068331,1.0868112784819648
2024-07-22,543.2190551757812,543.826272604696,539.6638622867013,541.6030366708314,43346700,0.0103098108256078,0.0064601489071946,545.837939453125,528.3722900390625,0,0,0.0,1.2609482180489149,1.0868112784819648
2024-07-23,542.366943359375,545.2659012148495,541.8772480700306,543.1112299862826,34439600,-0.0015686338840424,0.0064134639241081,545.6381408691407,529.0634002685547,0,0,-0.0,1.2589702519480606,1.0868112784819648
2024-07-24,530.0755615234375,537.8519253696913,529.1549319575545,537.5483166712224,74515300,-0.022662483372983,0.0082703777203089,543.6705261230469,529.4956005859375,0,0,-0.0,1.2304388595462075,1.0868112784819648
2024-07-25,527.3135986328125,536.1771302414296,526.3734220355187,530.1930090165258,61158300,-0.005210507880588,0.0083326583875104,541.9007568359375,529.8711956787109,1,0,-0.0,1.2240276481719603,1.0868112784819648
2024-07-26,533.219482421875,535.9128068838628,530.3302678617441,531.1040247828195,53763800,0.011199945922834,0.0087344434326463,540.3778076171875,530.3182458496094,1,0,0.0,1.23773669163954,1.0868112784819648
2024-07-29,533.5328979492188,535.7756811771844,531.5349026238763,534.7669398202207,39515800,0.0005877795873479,0.0086894639179159,538.7353637695312,530.6450415039062,0,0,0.0,1.2384642080013972,1.0868112784819648
2024-07-30,530.8297119140625,536.0596840862061,527.4214517116767,535.001925487195,46853600,-0.0050665779852502,0.0087501765153067,536.4964782714844,530.9390563964844,1,0,-0.0,1.232189432509617,1.0868112784819648
2024-07-31,539.4581298828125,542.0926929678205,536.2947173976487,537.6658283608423,65663400,0.0162545874413051,0.0093872441412864,535.8961059570313,531.39080078125,0,0,0.0,1.2522181633845968,1.0868112784819648
2024-08-01,531.8189697265625,543.4345294348678,528.3127341764186,541.1819427118934,76428700,-0.014160802726079,0.0098547842919455,534.9510070800782,531.6778515625,0,0,-0.0,1.2344857490028947,1.0868112784819648
2024-08-02,521.9172973632812,525.9229716163323,517.705869778205,524.7085367838448,82789100,-0.0186185016461001,0.0104968731526896,533.3751647949218,531.7414868164062,0,0,-0.0,1.211501474052997,1.0868112784819648
2024-08-05,506.7171325683594,512.7893664733926,499.75364959699385,501.0954398761734,146267400,-0.0291237038352875,0.0120890542658547,529.7249725341796,531.5309930419921,1,0,-0.0,1.1762180639266633,1.0868112784819648
2024-08-06,511.3888854980469,518.8322310175004,507.19706454680966,508.51921810050686,84826300,0.0092196466813903,0.0123851835151722,526.6271667480469,531.4894934082031,0,0,0.0,1.1870623788963361,1.0868112784819648
2024-08-07,507.9708251953125,520.6344013211964,507.3734111313128,517.5786469147923,70698300,-0.0066838767905671,0.0120229181473154,524.4166931152344,531.3116857910156,1,0,-0.0,1.1791282002130754,1.0868112784819648
2024-08-08,519.7136840820312,520.3404486814812,511.08525465156777,513.1125407389065,63276600,0.0231171915871422,0.0133813326206827,523.6567016601563,531.3615124511718,1,0,0.0,1.2063863327232032,1.0868112784819648
2024-08-09,522.0054321289062,523.4941251002426,517.6667385635127,518.8909769209239,45619600,0.0044096357611267,0.0133237719904697,522.5352966308594,531.5296105957032,1,0,0.0,1.211706057037714,1.0868112784819648
2024-08-12,522.2796630859375,524.6889257907327,520.0074696393324,523.2002926739822,42542100,0.0005253411940808,0.0132878958715801,521.4099731445312,531.7713354492188,1,0,0.0,1.2123426161445934,1.0868112784819648
2024-08-13,530.8688354492188,531.1039393955512,525.2275960596088,525.4724436986064,52333100,0.0164455424370371,0.0138355331042688,521.4138854980469,532.0919079589844,1,0,0.0,1.232280248086628,1.0868112784819648
2024-08-14,532.5436401367188,533.7287242856177,528.9884474672805,531.6621646835201,42446900,0.0031548370815228,0.0135787271700265,520.7224365234375,532.437578125,1,0,0.0,1.2361678915081198,1.0868112784819648
2024-08-15,541.671630859375,541.9556326474029,537.5679813653051,538.1751988274788,60846800,0.0171403619059515,0.0140717614006607,521.7077026367188,532.9542907714844,1,0,0.0,1.257356256545086,1.0868112784819648
2024-08-16,542.8861083984375,543.5814973816967,539.8989784334714,540.0556546584454,44430700,0.0022420918317906,0.0139866984387041,523.8045837402344,533.3726745605469,1,0,0.0,1.2601753647375367,1.0868112784819648
2024-08-19,548.0767822265625,548.0767822265625,542.4452860411917,543.2973511166235,39121800,0.0095612574126053,0.0139602557463648,527.9405487060546,533.895068359375,0,0,0.0,1.2722242257848162,1.0868112784819648
2024-08-20,547.1856079101562,549.2815184001456,545.8438474042439,547.6263456901657,33732300,-0.0016260026793798,0.0139607173022075,531.5202209472657,534.4123278808594,1,0,-0.0,1.270155585784918,1.0868112784819648
2024-08-21,549.0659790039062,550.5252615016209,543.2973537542563,548.2335208659752,41514600,0.0034364410660061,0.0128541480481163,535.629736328125,534.9349816894531,0,0,0.0,1.2745204006001265,1.0868112784819648
2024-08-22,544.7566528320312,551.5732334533072,543.5422179587766,550.9660160166799,56121500,-0.0078484669177515,0.0129435278350293,538.134033203125,535.3462609863282,1,0,-0.0,1.264517369400017,1.0868112784819648
2024-08-23,550.544921875,551.4851585059275,545.8046443878154,547.9985298599797,50639400,0.0106254214847625,0.0129219735225401,540.9879821777344,535.7871997070313,0,0,0.0,1.2779533994246952,1.0868112784819648
2024-08-26,549.2324829101562,552.2881770773529,547.528352675827,551.5732410031779,35788600,-0.0023838907829245,0.0129522381711668,543.6832641601562,536.1806066894532,1,0,-0.0,1.2749068980947997,1.0868112784819648
2024-08-27,549.9866333007812,550.476328645617,546.8134170306081,547.9592873998898,32693900,0.0013730986678519,0.0128593035787382,545.5950439453125,536.5826525878906,0,0,0.0,1.276657471058209,1.0868112784819648
2024-08-28,546.7938232421875,550.0748179978751,543.6009999526875,549.6438836929623,41066000,-0.0058052502829603,0.0125000711535958,547.0200622558593,536.8364990234375,1,0,-0.0,1.2692461549131049,1.0868112784819648
2024-08-29,546.8427124023438,552.0628809883677,545.6968421488655,548.7623394799141,38715200,8.941059331357692e-05,0.0120016099362489,547.5371704101562,537.0641833496094,1,0,0.0,1.2693596389648767,1.0868112784819648
2024-08-30,552.0629272460938,552.5722295246512,545.657733766081,549.212926690368,62700100,0.0095460993176941,0.0111430134982964,548.4548522949219,537.4253625488282,0,0,0.0,1.2814770721483077,1.0868112784819648
2024-09-03,540.7019653320312,549.2520259222431,538.1849243812507,548.919006824782,60600100,-0.0205791067528033,0.0099519061556408,547.7173706054688,537.5736401367187,0,0,-0.0,1.255105418679298,1.0868112784819648
2024-09-04,539.5953369140625,543.0035975400444,538.1360542845994,538.8607938634791,47224900,-0.0020466513697415,0.0099178758524109,546.9583435058594,537.7344555664063,0,0,-0.0,1.2525366554549882,1.0868112784819648
2024-09-05,538.2828979492188,542.3865472945482,535.8246177750381,539.5365467142444,44264300,-0.0024322652088685,0.0097495082649781,545.8800354003906,537.8280834960938,0,0,-0.0,1.2494901541250925,1.0868112784819648
2024-09-06,529.2235107421875,540.231851947678,528.3224880929642,538.60608979078,68493800,-0.0168301598314681,0.0094883184506341,544.3267211914062,537.7272033691406,1,0,-0.0,1.2284610351233214,1.0868112784819648
2024-09-09,535.1488037109375,536.4220593419303,531.495695817922,533.4251264283236,40445800,0.0111962013184945,0.0097366636782075,542.787109375,537.7279858398438,1,0,0.0,1.2422151321844883,1.0868112784819648
2024-09-10,537.4798583984375,537.8324845189911,532.1813804449696,537.0587275255268,36394600,0.0043559000250688,0.0097584974114474,541.6118469238281,537.8175024414063,1,0,0.0,1.2476260971099116,1.0868112784819648
2024-09-11,542.9938354492188,543.9144652005341,528.8318826121556,537.3917487162622,75248600,0.0102589463858451,0.0093486140334341,540.9125671386719,537.9953601074219,1,0,0.0,1.2604254263497434,1.0868112784819648
2024-09-12,547.5675659179688,547.8711746400817,541.3483991843773,543.5716351743016,51819600,0.0084231719959879,0.0094807321652587,540.98994140625,538.1928051757812,1,0,0.0,1.2710422065040037,1.0868112784819648
2024-09-13,550.4273681640625,551.4263657909838,547.9201304028155,548.1747815451495,39310500,0.0052227385698044,0.0087910971913613,541.3484069824219,538.3994555664062,1,0,0.0,1.2776805276597616,1.0868112784819648
2024-09-16,551.2403564453125,551.5047513186543,548.3609450381223,550.1629906749666,36656100,0.0014770128236205,0.0087863334531352,541.2661499023437,538.560078125,1,0,0.0,1.2795676781836054,1.0868112784819648
2024-09-17,551.465576171875,554.9032473896473,549.2325364902464,553.4537083801224,49321000,0.0004085690097417,0.0085409576208495,542.3425109863281,538.7126684570312,0,0,0.0,1.2800904698827784,1.0868112784819648
2024-09-18,549.8300170898438,556.969754476821,549.2717571625421,552.1217580784818,59044900,-0.0029658407572505,0.0085624426082124,543.3659790039062,538.8219702148438,1,0,-0.0,1.2762939253942323,1.0868112784819648
2024-09-19,559.2125244140625,561.0733907935877,556.3723270388496,559.2419348303403,75315500,0.0170643781397725,0.0093346169108442,545.4589416503907,539.0111865234375,0,0,0.0,1.2980730875546542,1.0868112784819648
2024-09-20,558.2457885742188,559.2871245583524,555.219996107625,557.843033129673,77503100,-0.0017287449719705,0.0091288009005544,548.3611694335938,539.2758764648438,1,0,-0.0,1.295829050231294,1.0868112784819648
2024-09-23,559.640869140625,560.2892833331648,558.0985019985221,559.3167220049795,44116900,0.0024990436022265,0.008867276991202,550.8103759765625,539.4997143554688,1,0,0.0,1.2990673835288538,1.0868112784819648
2024-09-24,561.2421264648438,561.3010677532865,557.6072537825559,560.4365555490466,46805700,0.0028612229958788,0.0088439096019447,553.1866027832032,539.72541015625,0,0,0.0,1.3027843049998027,1.0868112784819648
2024-09-25,560.0042724609375,561.8217386948093,558.8941616149112,561.0849426444706,38428600,-0.0022055614600836,0.0088746551850003,554.887646484375,539.8611242675781,1,0,-0.0,1.2999109341458934,1.0868112784819648
2024-09-26,562.2244873046875,564.5920921622151,559.866775948692,564.2678851150425,48336000,0.0039646391160432,0.0087518394681325,556.3533386230469,540.196376953125,0,0,0.0,1.3050646118827807,1.0868112784819648
2024-09-27,561.4090576171875,564.1106429805404,560.377555197848,563.2952985697877,42100900,-0.0014503631661602,0.0087709950264128,557.4515075683594,540.5991589355468,1,0,-0.0,1.3031717942402468,1.0868112784819648
2024-09-30,563.6587524414062,564.2678323150915,558.0787581388843,560.3775279948936,63557400,0.0040072292986637,0.0085841019505333,558.6933471679688,541.1188195800781,0,0,0.0,1.3083939024353184,1.0868112784819648
2024-10-01,558.6093139648438,563.9535439565005,556.035444442894,563.3051897855821,72668800,-0.008958325324838,0.007345116714116,559.4077209472656,541.4266247558594,1,0,-0.0,1.2966728842042685,1.0868112784819648
2024-10-02,558.8450317382812,559.8667605957481,555.3182683616095,557.7153138155387,38097800,0.0004219725084146,0.007300224441792,560.3092224121094,541.7561865234375,0,0,0.0,1.2972200445138096,1.0868112784819648
2024-10-03,557.8233642578125,559.7684865712154,555.5343678239607,557.3714411111998,40846500,-0.0018281767260073,0.0072831109400705,560.1703063964844,542.311142578125,1,0,-0.0,1.2948484970199192,1.0868112784819648
2024-10-04,562.8925170898438,563.2658318866675,558.0984259775333,562.2736036088263,42939100,0.0090873799070352,0.0059813969539226,560.6349792480469,543.0227209472656,0,0,0.0,1.3066152772343929,1.0868112784819648
2024-10-07,557.8037109375,561.8905065573382,556.6543259021896,561.2420924631317,49964700,-0.0090404579877041,0.0062465006163949,560.4512634277344,543.5144055175781,1,0,-0.0,1.294802876714463,1.0868112784819648
2024-10-08,563.0791625976562,563.6784689445017,559.5032914013763,560.3775771285751,37398700,0.0094575413478152,0.0064447593064464,560.6349670410157,544.1053308105469,1,0,0.0,1.3070485284582603,1.0868112784819648
2024-10-09,566.9793090820312,567.5392812736217,562.4700908869163,563.0693372819003,37912200,0.0069264621094882,0.0062702008483045,561.332470703125,544.8283227539063,0,0,0.0,1.3161017505658887,1.0868112784819648
2024-10-10,565.9871215820312,567.4116060358193,564.3759797176003,565.6334738441669,44138100,-0.0017499536298889,0.0061487282403153,561.7087341308594,545.3589025878906,1,0,-0.0,1.3137986335301828,1.0868112784819648
2024-10-11,569.3764038085938,570.1131999200273,565.7709716649979,565.9085213296812,42268000,0.0059882673957118,0.0061743147219684,562.50546875,546.1100512695313,1,0,0.0,1.3216660110518825,1.0868112784819648
2024-10-14,574.0328979492188,574.9661849382893,570.5060744728205,570.9874382986001,36217200,0.0081782351876147,0.0063404931993988,563.5428833007812,547.15236328125,0,0,0.0,1.3324749065297414,1.0868112784819648
2024-10-15,569.5728759765625,574.6027324678581,568.3546560789198,574.2981924836022,54203600,-0.0077696278185275,0.0067049501575622,564.6392395019532,548.4094781494141,1,0,-0.0,1.3221220724284781,1.0868112784819648
2024-10-16,572.0485229492188,572.5692210133667,568.7673576490918,569.5729286407808,30725400,0.0043464973089029,0.0066397462168406,565.9595886230469,549.6226708984375,1,0,0.0,1.3278686724583297,1.0868112784819648
2024-10-17,572.0975952148438,575.801242846272,571.9109378019983,575.594918349773,34393700,8.578339713571914e-05,0.0056198667060399,567.38701171875,550.9052062988281,1,0,0.0,1.3279825815440034,1.0868112784819648
2024-10-18,574.2982177734375,575.0841216421944,572.3235945792737,573.7873532764656,37416800,0.0038465859269471,0.0056075768086985,568.5275817871094,551.9968969726563,0,0,0.0,1.3330907806534016,1.0868112784819648
2024-10-21,573.3550415039062,574.5535342943244,570.378356688641,573.5711395635755,36439000,-0.0016423109811971,0.0056425099849358,570.08271484375,553.0238891601563,0,0,-0.0,1.330901431025402,1.0868112784819648
2024-10-22,573.050537109375,574.2097557683464,570.1622940232531,570.8204817447413,34183800,-0.0005310922072517,0.0056417656638806,571.0798522949219,554.039306640625,0,0,-0.0,1.3301945996467643,1.0868112784819648
2024-10-23,567.8142700195312,571.4688092704015,564.3071139493308,571.0267196890029,49314600,-0.0091375310740601,0.0060508318938819,571.1633483886719,554.7782153320312,1,0,-0.0,1.318039905157945,1.0868112784819648
2024-10-24,569.0422973632812,569.84786821387,566.419320298971,569.7692598487698,34979900,0.0021627271602522,0.006013120120101,571.4688659667969,555.5081884765625,0,0,0.0,1.3208904658591263,1.0868112784819648
2024-10-25,568.8457641601562,574.1703862188206,567.9027036914881,571.2723100723214,47268200,-0.00034537538604,0.0059981534921092,571.4158020019531,556.0516711425781,1,0,-0.0,1.3204342628045638,1.0868112784819648
2024-10-28,570.6043701171875,572.4512770786239,570.299830137409,572.3235609618828,30174700,0.0030915338881492,0.0059748312193769,571.07294921875,556.6060363769532,1,0,0.0,1.3245164300750973,1.0868112784819648
2024-10-29,571.52783203125,572.6477165136779,568.2466070737139,569.6415908764491,42899700,0.0016183926419506,0.0055333038439657,571.2684448242187,557.0750573730469,0,0,0.0,1.3266600177196737,1.0868112784819648
2024-10-30,569.7988891601562,573.0506139584433,569.0915336357257,571.0563234826817,41435800,-0.0030251245419649,0.0056105943488968,571.0434814453125,557.5273229980469,0,0,-0.0,1.3226467059412264,1.0868112784819648
2024-10-31,558.6289672851562,565.4958970216722,558.4324763422399,565.4271221936206,60182500,-0.019603270710941,0.007248582277379,569.6966186523438,557.7185827636719,1,0,-0.0,1.296718504509726,1.0868112784819648
2024-11-01,560.9866943359375,565.4173043933644,560.5741053167588,561.2617936558026,45667500,0.0042205599581408,0.0070086102816487,568.3654663085938,558.04318359375,0,0,0.0,1.30219138270684,1.0868112784819648
2024-11-04,559.7783203125,562.4209644478059,557.892139281839,561.1241962515347,38217000,-0.002154015479579,0.0067115094324516,567.0077941894531,558.2278515625,1,0,-0.0,1.2993864423111152,1.0868112784819648
2024-11-05,566.5470581054688,566.586332309216,560.4758658123077,560.6919638738422,39478300,0.0120918183990941,0.0069252342885747,566.3574462890625,558.5741430664062,1,0,0.0,1.3150983872017863,1.0868112784819648
2024-11-06,580.6345825195312,581.508928254242,575.0840880526238,578.8270097230293,68182000,0.0248655856782156,0.00874676527889,567.6394775390625,559.1871020507813,1,0,0.0,1.3477990788240355,1.0868112784819648
2024-11-07,585.1242065429688,586.1459356042433,582.5601702684252,582.6387786486675,47233200,0.0077322711367893,0.0088334740718607,569.2476684570313,559.9537097167969,1,0,0.0,1.358220626739418,1.0868112784819648
2024-11-08,587.6588134765625,589.0832980878612,585.674356571417,585.674356571417,46444900,0.0043317417144108,0.0087988574044011,571.1289733886719,560.7700317382812,1,0,0.0,1.3641040876856383,1.0868112784819648
2024-11-11,588.21875,589.6039003558736,586.4897254702406,589.2502526004109,37586800,0.0009528258754853,0.0086626112204329,572.8904113769531,561.4931481933594,0,0,0.0,1.3654038413572405,1.0868112784819648
2024-11-12,586.3914794921875,588.7393574916656,583.9059918696842,588.1401110548398,43006100,-0.0031064472321096,0.0084674272909793,574.3767761230469,562.4069384765625,1,0,-0.0,1.3611622863735444,1.0868112784819648
2024-11-13,586.6763305664062,588.6803942959151,584.4856094336134,586.8531544283672,47388600,0.0004857694632012,0.0084428520400993,576.0645202636719,563.3485583496093,0,0,0.0,1.3618234974467258,1.0868112784819648
2024-11-14,582.9039306640625,587.2854330583992,582.2163022724781,586.804069200042,38904100,-0.006430121185734,0.0086159950551589,578.4920166015625,564.2409790039062,0,0,-0.0,1.353066807324563,1.0868112784819648
2024-11-15,575.437744140625,579.8094129170865,573.5810036102117,579.3378226480269,75988800,-0.0128086055534601,0.0091139521234411,579.9371215820313,565.165263671875,1,0,-0.0,1.3357359083020632,1.0868112784819648
2024-11-18,577.7955322265625,579.1119076957027,575.0350052053479,575.8994574754852,37001700,0.0040973817062672,0.0091452402907264,581.7388427734375,566.0181982421875,1,0,0.0,1.3412089281771444,1.0868112784819648
2024-11-19,579.9076538085938,580.6346163861505,573.7480790226593,574.4161003090796,49412000,0.0036554827170298,0.0091700735727221,583.07490234375,566.8667541503906,1,0,0.0,1.346111694234022,1.0868112784819648
2024-11-20,580.1040649414062,580.3889378159292,574.3374129030207,579.9861823753545,50032600,0.0003386938101654,0.0088787576164926,583.0218505859375,567.6089587402344,1,0,0.0,1.3465676139326506,1.0868112784819648
2024-11-21,583.21826171875,584.6427460672937,577.1077952881657,582.953055915256,46750300,0.0053683415882601,0.0089275884407227,582.8312561035157,568.32197265625,1,0,0.0,1.3537964488559295,1.0868112784819648
2024-11-22,585.0259399414062,585.654687007179,582.7075025920674,583.2084735757152,38226400,0.0030994883756365,0.0089280365020809,582.56796875,569.0139440917969,1,0,0.0,1.3579925252121365,1.0868112784819648
2024-11-25,587.0103759765625,590.281707390563,584.7213793724078,588.9653319760873,42441400,0.0033920479412503,0.0089312126282222,582.4471313476563,569.7293444824219,1,0,0.0,1.3625989009615158,1.0868112784819648
2024-11-26,590.0753784179688,590.7433995936517,587.540783398016,588.2579123147351,45621300,0.0052213769412632,0.0089709068480081,582.8155212402344,570.5015405273438,0,0,0.0,1.3697135434431869,1.0868112784819648
2024-11-27,588.2874755859375,590.2718722436573,586.7647756879834,589.8887838542881,34000200,-0.0030299566757466,0.0089710390619711,582.9766357421875,571.2706896972657,1,0,-0.0,1.3655633707483708,1.0868112784819648
2024-11-29,591.9420166015625,592.7279205050064,588.8278416543462,589.1028810382705,30177400,0.0062121686544236,0.0074890152847699,583.8804443359375,571.9252795410156,1,0,0.0,1.3740464807157629,1.0868112784819648
2024-12-02,593.0029296875,593.6807844427898,591.8633182342458,592.354515594293,31746000,0.0017922584580638,0.007486620645424,585.636962890625,572.6204223632812,1,0,0.0,1.3765091271425987,1.0868112784819648
2024-12-03,593.2779541015625,593.5235527754064,591.735647195163,592.7671496331845,26906600,0.0004637825553532,0.0074179192155351,587.185205078125,573.2931640625,1,0,0.0,1.377147528063052,1.0868112784819648
2024-12-04,596.9619750976562,597.2075737883222,594.2997236656325,594.9677449089698,42787600,0.0062096037289514,0.007147490931485,588.8906372070312,574.0075610351563,0,0,0.0,1.3856990684886286,1.0868112784819648
2024-12-05,595.9795532226562,597.7675188046404,595.6259055147337,596.961947940629,28762200,-0.0016457026008052,0.0049204722732618,590.4781860351562,574.7270666503906,1,0,-0.0,1.3834186199276834,1.0868112784819648
2024-12-06,597.1094360351562,598.3472631909667,596.333365657436,596.7459547224977,31241500,0.0018958415710579,0.0046875064849945,591.8673034667969,575.424765625,0,0,0.0,1.3860413624575179,1.0868112784819648
2024-12-09,594.0344848632812,597.1584931551176,593.445071963169,596.9915028268559,34742700,-0.005149727983354,0.0048132252899045,592.7681579589844,576.0772741699219,0,0,-0.0,1.3789036264671843,1.0868112784819648
2024-12-10,592.1876220703125,595.1348067122954,591.5294342892446,594.7123841088862,37234500,-0.0031090161262166,0.0048805883434494,593.2858825683594,576.6478515625,1,0,-0.0,1.3746165928559992,1.0868112784819648
2024-12-11,596.7655639648438,597.7184581352288,594.8400485801485,595.115147903942,28677700,0.0077305599170185,0.0050746408337225,593.9549011230469,577.4109765625,0,0,0.0,1.3852431487900003,1.0868112784819648
2024-12-12,593.690673828125,596.4708079758578,593.690673828125,595.9010621562538,31543800,-0.0051525931159457,0.0052517754335997,594.4952209472656,578.1078894042969,0,0,-0.0,1.378105554477634,1.0868112784819648
2024-12-13,593.57275390625,596.4413297893211,592.1973772710232,595.7242008087076,35904700,-0.0001986218195321,0.0049906285179134,594.6582946777344,578.8228771972656,1,0,-0.0,1.3778318326448962,1.0868112784819648
2024-12-16,596.1072998046875,597.0799209921157,594.5551592425911,595.3312295236393,43695200,0.0042699835559463,0.0038485426110022,594.9687316894531,579.4871728515625,0,0,0.0,1.3837151519131492,1.0868112784819648
2024-12-17,593.6513671875,594.5158794594372,592.2760503625989,593.553151685944,55773500,-0.0041199505827091,0.0040220664886266,595.0060729980469,580.2041259765625,0,0,-0.0,1.3780143138667211,1.0868112784819648
2024-12-18,575.9584350585938,595.7339866328443,575.5752867073982,593.3467745348553,108248700,-0.0298035734554589,0.0080047171263945,592.9057189941407,580.4617114257812,0,0,-0.0,1.3369445630407204,1.0868112784819648
2024-12-19,575.7815551757812,582.5601031255708,575.5359564813775,580.948961299734,85919500,-0.0003071052910171,0.0080032618767916,590.8859191894531,580.6377563476562,1,0,-0.0,1.336533980291614,1.0868112784819648
2024-12-20,582.6973266601562,587.2315284125533,572.6036951737447,573.451443984787,125716700,0.0120111028604652,0.008381654343868,589.4447082519531,580.9719604492187,1,0,0.0,1.3525872274054036,1.0868112784819648
2024-12-23,586.1866455078125,586.7879087972127,579.2571372355378,582.4409930028329,57635800,0.0059882183905939,0.0084625743824232,588.6599243164062,581.3081652832032,1,0,0.0,1.3606868151154352,1.0868112784819648
2024-12-24,592.7021484375,592.7416149913781,586.9554933157183,587.5370835235541,33160100,0.0111150654482126,0.0087889942996456,588.711376953125,581.6815502929687,1,0,0.0,1.3758109381199632,1.0868112784819648
2024-12-26,592.7415771484375,593.8652307760627,589.5281816588665,590.9278604962976,41219100,6.652365111459169e-05,0.0087191646904935,588.3089782714844,582.1449243164062,0,0,0.0,1.3759024620868103,1.0868112784819648
2024-12-27,586.5020751953125,589.2324867459512,582.3128451341881,588.9958679237085,64969300,-0.0105265130601129,0.0090239362655182,587.5901184082031,582.4339953613281,0,0,-0.0,1.361419006850212,1.0868112784819648
2024-12-30,579.80908203125,583.2787692142718,576.0535631828352,579.4838439796579,56578800,-0.0114117126726851,0.0092318790940462,586.2137512207031,582.5882250976563,0,0,-0.0,1.345882884316905,1.0868112784819648
2024-12-31,577.6997680664062,582.194563069081,576.0634704063194,581.4749602926895,57052700,-0.003637945713879,0.0092254688692706,584.372998046875,582.6562561035156,0,0,-0.0,1.3409866354465212,1.0868112784819648
